Kmer,Importance
AAA,0.1153893937145953
GAG,0.0612045467699097
ATA,0.0560208775939979
TTA,0.04267816109847767
GAC,0.03344842755345336
TCA,0.03171266944321341
CCC,0.029530327119797358
TAT,0.02861134699755332
TTT,0.028530828302787643
ACG,0.02765398272050083
AGC,0.023089221994899857
AGA,0.01932273708688921
AAT,0.0181923658539064
TAA,0.01703214953900082
TAG,0.016823096132001895
CTC,0.016316292341141653
GGA,0.015966353229022526
ATT,0.01586759745575871
CTT,0.015037951634828873
TGA,0.014872535466669634
CAG,0.014665701243504034
ATG,0.013490945326808019
GCT,0.013436524962003637
TGT,0.013281370148434845
TTG,0.01312723478132226
ATC,0.013014709051875075
CAC,0.012573649104698622
GGT,0.01251886914498965
AGG,0.011416150067397188
CGA,0.01129980240753492
TCG,0.010274899314090934
GTG,0.010257300918990854
CGC,0.009953846810671735
CTG,0.00993719650976808
GTC,0.00992295835283824
ACT,0.009363659097483289
TGG,0.009320488433509858
GAA,0.009293699578256874
TGC,0.009204966639749668
GTT,0.008597535652485097
CAA,0.008426411474707103
ACC,0.00817157101492256
CCT,0.008149586639476982
AAC,0.008074859438518774
CTA,0.008032027609546008
GTA,0.00800469872207134
CGT,0.007776127481272178
GAT,0.007670648221564699
GCG,0.0074474537564288845
TCT,0.007402621491491631
CAT,0.006715497250183238
TTC,0.006381654752654229
AGT,0.005688453735636071
GGC,0.0056452646392293505
GGG,0.005376043994558156
GCC,0.005239197496978449
CCG,0.005176292443915769
AAG,0.0050795024548590615
CCA,0.004538535123362767
TCC,0.004519385528890267
GCA,0.004121882057333644
TAC,0.003857936334110748
CGG,0.0034230820695972447
ACA,0.0028288966738719656
